-- phpMyAdmin SQL Dump
-- version 5.1.2
-- https://www.phpmyadmin.net/
--
-- Хост: localhost:3306
-- Час створення: Трв 28 2025 р., 20:24
-- Версія сервера: 5.7.24
-- Версія PHP: 8.3.1

SET SQL_MODE = "NO_AUTO_VALUE_ON_ZERO";
START TRANSACTION;
SET time_zone = "+00:00";


/*!40101 SET @OLD_CHARACTER_SET_CLIENT=@@CHARACTER_SET_CLIENT */;
/*!40101 SET @OLD_CHARACTER_SET_RESULTS=@@CHARACTER_SET_RESULTS */;
/*!40101 SET @OLD_COLLATION_CONNECTION=@@COLLATION_CONNECTION */;
/*!40101 SET NAMES utf8mb4 */;

--
-- База даних: `lnu`
--

-- --------------------------------------------------------

--
-- Структура таблиці `academicalstudentdbo`
--

CREATE TABLE `academicalstudentdbo` (
  `Id` char(36) NOT NULL,
  `Stupin` longtext NOT NULL,
  `Group` longtext NOT NULL,
  `FormOfStudy` longtext NOT NULL,
  `FormOfPay` longtext NOT NULL,
  `TerminOfStudy` longtext NOT NULL,
  `EndOfStudy` longtext NOT NULL
) ENGINE=InnoDB DEFAULT CHARSET=utf8;

--
-- Дамп даних таблиці `academicalstudentdbo`
--

INSERT INTO `academicalstudentdbo` (`Id`, `Stupin`, `Group`, `FormOfStudy`, `FormOfPay`, `TerminOfStudy`, `EndOfStudy`) VALUES
('3fa85f64-5717-4562-b3fc-2c963f66afa6', 'Бакалавр', 'Фес-42', 'Очна', 'Контракт', '4 роки', '25.06.2025'),
('3fa85f64-5717-4562-b3fc-2c963f66afa9', 'Бакалавр', 'Фес-42', 'Очна', 'Бюджет', '4 роки', '25.05.2025');

-- --------------------------------------------------------

--
-- Структура таблиці `academicalteacherdbo`
--

CREATE TABLE `academicalteacherdbo` (
  `Id` char(36) NOT NULL,
  `Stupin` longtext NOT NULL,
  `Rank` longtext NOT NULL,
  `Departament` longtext NOT NULL,
  `Title` longtext NOT NULL
) ENGINE=InnoDB DEFAULT CHARSET=utf8;

--
-- Дамп даних таблиці `academicalteacherdbo`
--

INSERT INTO `academicalteacherdbo` (`Id`, `Stupin`, `Rank`, `Departament`, `Title`) VALUES
('33785336-b79e-423d-a729-41bd37c6034f', 'доктор фізико-математичних наук', 'Професор', 'Оптоелектроніки та інформаційних технологій', 'Завідувач кафедри оптоелектроніки та інформаційних технологій'),
('3fa85f64-5717-4562-b3fc-2c963f66afa1', 'кандидат фізико-математичних наук', 'Доцент', 'Кафедра системного проектування', 'Завідувач кафедри системного проектування'),
('3fa85f64-5717-4562-b3fc-2c963f66afa2', 'кандидат фізико-математичних наук', 'Доцент', 'Кафедра системного проектування', 'Завідувач кафедри системного проектування');

-- --------------------------------------------------------

--
-- Структура таблиці `additionalteacherdbo`
--

CREATE TABLE `additionalteacherdbo` (
  `Id` char(36) NOT NULL,
  `Research` longtext NOT NULL,
  `Subjects` longtext NOT NULL,
  `Biography` longtext NOT NULL,
  `Projects` longtext NOT NULL
) ENGINE=InnoDB DEFAULT CHARSET=utf8;

--
-- Дамп даних таблиці `additionalteacherdbo`
--

INSERT INTO `additionalteacherdbo` (`Id`, `Research`, `Subjects`, `Biography`, `Projects`) VALUES
('33785336-b79e-423d-a729-41bd37c6034f', 'Комп’ютерна лінгвістика<br><br>обробка природної мови<br><br>складні системи та мережі<br><br>пошук інформації', 'Аналіз складних систем і мереж (122 Комп\'ютерні науки)<br>Аналіз текстової інформації (122 Комп\'ютерні науки)<br><br>Комп\'ютерна лінгвістика та обробка природної мови (121 Інженерія програмного забезпечення)<br><br>Методи та технології CV та NLP (ВПК)<br><br>Обробка природної мови (126 Інформаційні системи та технології)<br><br>Опрацювання природної мови/ Natural Language<br><br>Processing (122 - Комп\'ютерні науки)<br><br>Основи комп\'ютерної лінгвістики (122 Комп\'ютерні науки)<br><br>Цифрова обробка інформації (121 Інженерія програмного забезпечення)', 'Кандидат фіз.-мат. наук<br><br>тема дисертації: Оптична анізотропія сегнетоелектричних кристалів з доменною та неспівмірно модульованою структурою де відбувався захист: Львівський державний університет імені Івана Франка рік захисту: 1994<br><br>доктор фіз.-мат. наук<br><br>тема дисертації: Кристалооптичні властивості просторово модульованих і дихроїчних матеріалів<br><br>де відбувався захист: Львівський національний університет імені Івана Франка<br><br>рік захисту: 2006', 'Кушнір О. С. Конспект лекцій з навчального курсу «Основи комп’ютерної лінгвістики». Львів, Видавн. ЛНУ, 2022. – 292 с. Андрущак А. А., Готра З. Ю., Кушнір О. С. Прикладна електродинаміка інформаційних систем: Навчальний посібник. – Львів: Видавн. центр Національного університету «Львівська політехніка», 2012. – 304 с.'),
('3fa85f64-5717-4562-b3fc-2c963f66afa1', 'Високопродуктивний комп’ютинг.<br><br>Наука про дані.<br><br>Машинне навчання.<br><br>Технології штучного інтелекту.', 'Основи паралельного програмування (ІСТ)<br><br>Паралельні та розподілені обчислення<br><br>Паралельні та розподілені обчислення (КН)<br><br>Технології аналізу даних / Technologies of Data Analysis (122 КН)<br><br>', '1982 р. – закінчив Львівський державний університет імені Івана Франка з відзнакою<br><br>У Львівському національному університеті працює з 1982 року<br><br>1985-1988 рр – навчання в аспірантурі<br><br>1989 р. – кандидат фіз.-мат. наук<br><br>1988 – 1994 рр. – асистент<br><br>1994 – по даний час – доцент<br><br>2016 – 2018 рр. – в.о. завідувача кафедри системного проектування факультету електроніки та комп’ютерних технологій<br><br>2018 – по даний час – завідувач кафедри системного проектування факультету електроніки та комп’ютерних технологій', 'Науковий керівник теми у межах робочого часу викладачів. Номер держреєстрації: 0122U200688. “Системний аналіз даних засобами штучного інтелекту та машинного навчання”. 2022 — 2024 рр.<br><br>Науковий керівник госпдоговірної теми. Номер держреєстрації: 0121U114372/ “Дослідницько-освітній хаб технологій штучного інтелекту “AIT Research & Learning HUB””. 2021 р.<br><br>Науковий керівник теми у межах робочого часу викладачів. Номер держреєстрації: 0119U002409. “Аналіз даних засобами машинного навчання”. 2019 – 2021 рр.<br><br>Науковий керівник теми у межах робочого часу викладачів. Номер держреєстрації: 0116U001683. “Паралельні алгоритми виділення інформативних елементів растрових зображень”. 2016 – 2018 рр.'),
('3fa85f64-5717-4562-b3fc-2c963f66afa2', 'Високопродуктивний комп’ютинг.<br><br>Наука про дані.<br><br>Машинне навчання.<br><br>Технології штучного інтелекту.', 'Основи паралельного програмування (ІСТ)<br><br>Паралельні та розподілені обчислення<br><br>Паралельні та розподілені обчислення (КН)<br><br>Технології аналізу даних / Technologies of Data Analysis (122 КН)<br><br>', '1982 р. – закінчив Львівський державний університет імені Івана Франка з відзнакою<br><br>У Львівському національному університеті працює з 1982 року<br><br>1985-1988 рр – навчання в аспірантурі<br><br>1989 р. – кандидат фіз.-мат. наук<br><br>1988 – 1994 рр. – асистент<br><br>1994 – по даний час – доцент<br><br>2016 – 2018 рр. – в.о. завідувача кафедри системного проектування факультету електроніки та комп’ютерних технологій<br><br>2018 – по даний час – завідувач кафедри системного проектування факультету електроніки та комп’ютерних технологій', 'Науковий керівник теми у межах робочого часу викладачів. Номер держреєстрації: 0122U200688. “Системний аналіз даних засобами штучного інтелекту та машинного навчання”. 2022 — 2024 рр.<br><br>Науковий керівник госпдоговірної теми. Номер держреєстрації: 0121U114372/ “Дослідницько-освітній хаб технологій штучного інтелекту “AIT Research & Learning HUB””. 2021 р.<br><br>Науковий керівник теми у межах робочого часу викладачів. Номер держреєстрації: 0119U002409. “Аналіз даних засобами машинного навчання”. 2019 – 2021 рр.<br><br>Науковий керівник теми у межах робочого часу викладачів. Номер держреєстрації: 0116U001683. “Паралельні алгоритми виділення інформативних елементів растрових зображень”. 2016 – 2018 рр.');

-- --------------------------------------------------------

--
-- Структура таблиці `aspnetroleclaims`
--

CREATE TABLE `aspnetroleclaims` (
  `Id` int(11) NOT NULL,
  `RoleId` varchar(255) NOT NULL,
  `ClaimType` longtext,
  `ClaimValue` longtext
) ENGINE=InnoDB DEFAULT CHARSET=utf8;

-- --------------------------------------------------------

--
-- Структура таблиці `aspnetroles`
--

CREATE TABLE `aspnetroles` (
  `Id` varchar(255) NOT NULL,
  `Name` varchar(256) DEFAULT NULL,
  `NormalizedName` varchar(256) DEFAULT NULL,
  `ConcurrencyStamp` longtext
) ENGINE=InnoDB DEFAULT CHARSET=utf8;

--
-- Дамп даних таблиці `aspnetroles`
--

INSERT INTO `aspnetroles` (`Id`, `Name`, `NormalizedName`, `ConcurrencyStamp`) VALUES
('421b5538-adb3-4326-b062-0d553a96308d', 'Student', 'STUDENT', NULL),
('d520b48d-d7d4-4d05-b700-b864d0659a29', 'Teacher', 'TEACHER', NULL);

-- --------------------------------------------------------

--
-- Структура таблиці `aspnetuserclaims`
--

CREATE TABLE `aspnetuserclaims` (
  `Id` int(11) NOT NULL,
  `UserId` varchar(255) NOT NULL,
  `ClaimType` longtext,
  `ClaimValue` longtext
) ENGINE=InnoDB DEFAULT CHARSET=utf8;

-- --------------------------------------------------------

--
-- Структура таблиці `aspnetuserlogins`
--

CREATE TABLE `aspnetuserlogins` (
  `LoginProvider` varchar(255) NOT NULL,
  `ProviderKey` varchar(255) NOT NULL,
  `ProviderDisplayName` longtext,
  `UserId` varchar(255) NOT NULL
) ENGINE=InnoDB DEFAULT CHARSET=utf8;

-- --------------------------------------------------------

--
-- Структура таблиці `aspnetuserroles`
--

CREATE TABLE `aspnetuserroles` (
  `UserId` varchar(255) NOT NULL,
  `RoleId` varchar(255) NOT NULL
) ENGINE=InnoDB DEFAULT CHARSET=utf8;

--
-- Дамп даних таблиці `aspnetuserroles`
--

INSERT INTO `aspnetuserroles` (`UserId`, `RoleId`) VALUES
('0622e9d4-8a47-46d8-94a5-de03ba84d13d', '421b5538-adb3-4326-b062-0d553a96308d'),
('ef87a7ee-4dd1-4a79-928d-77842c22ef25', '421b5538-adb3-4326-b062-0d553a96308d'),
('10239e37-69b0-4b6d-901f-bb0b140bf73f', 'd520b48d-d7d4-4d05-b700-b864d0659a29'),
('5dbb7697-b5d4-4099-aff2-0adb21c15d5f', 'd520b48d-d7d4-4d05-b700-b864d0659a29'),
('bbd3ed84-8fe6-4c35-8f8b-e204ff75338b', 'd520b48d-d7d4-4d05-b700-b864d0659a29');

-- --------------------------------------------------------

--
-- Структура таблиці `aspnetusers`
--

CREATE TABLE `aspnetusers` (
  `Id` varchar(255) NOT NULL,
  `StudentId` char(36) DEFAULT NULL,
  `TeacherId` char(36) DEFAULT NULL,
  `UserName` varchar(256) DEFAULT NULL,
  `NormalizedUserName` varchar(256) DEFAULT NULL,
  `Email` varchar(256) DEFAULT NULL,
  `NormalizedEmail` varchar(256) DEFAULT NULL,
  `EmailConfirmed` tinyint(1) NOT NULL,
  `PasswordHash` longtext,
  `SecurityStamp` longtext,
  `ConcurrencyStamp` longtext,
  `PhoneNumber` longtext,
  `PhoneNumberConfirmed` tinyint(1) NOT NULL,
  `TwoFactorEnabled` tinyint(1) NOT NULL,
  `LockoutEnd` datetime DEFAULT NULL,
  `LockoutEnabled` tinyint(1) NOT NULL,
  `AccessFailedCount` int(11) NOT NULL
) ENGINE=InnoDB DEFAULT CHARSET=utf8;

--
-- Дамп даних таблиці `aspnetusers`
--

INSERT INTO `aspnetusers` (`Id`, `StudentId`, `TeacherId`, `UserName`, `NormalizedUserName`, `Email`, `NormalizedEmail`, `EmailConfirmed`, `PasswordHash`, `SecurityStamp`, `ConcurrencyStamp`, `PhoneNumber`, `PhoneNumberConfirmed`, `TwoFactorEnabled`, `LockoutEnd`, `LockoutEnabled`, `AccessFailedCount`) VALUES
('0622e9d4-8a47-46d8-94a5-de03ba84d13d', '3fa85f64-5717-4562-b3fc-2c963f66afa6', NULL, 'vlad10shiyan2014@gmail.com', 'VLAD10SHIYAN2014@GMAIL.COM', 'vlad10shiyan2014@gmail.com', 'VLAD10SHIYAN2014@GMAIL.COM', 0, 'AQAAAAIAAYagAAAAELzH93EWYUxqFk5GSl1WtV2viHCnVvV+CrZwWpiA0/ThBYQmKOzcaLMTEXau3nv3Tw==', 'ONNWDLVFGKMPOQ36JURVRTCFZ5ICYE3H', '5748f534-d4d6-48b9-a3ae-d8e84a8e1bbc', '+3806307849459', 0, 0, NULL, 1, 0),
('10239e37-69b0-4b6d-901f-bb0b140bf73f', NULL, '3fa85f64-5717-4562-b3fc-2c963f66afa2', 'newShuvar@test.com', 'NEWSHUVAR@TEST.COM', 'newShuvar@test.com', 'NEWSHUVAR@TEST.COM', 0, 'AQAAAAIAAYagAAAAECWYbw/qRph7Oqu7xtPtIjRQ5s3JIWyluh/bGUrBt92Zvdhv27xEQZ4i8Id19Jad9w==', 'FUJI7YVFBLP5OWI6SOOQH5ZATMV4QMOL', '43ecbf03-f658-4d2c-8a82-7058a369c5ac', '(032) 239 46 77', 0, 0, NULL, 1, 0),
('5dbb7697-b5d4-4099-aff2-0adb21c15d5f', NULL, '3fa85f64-5717-4562-b3fc-2c963f66afa1', 'shuvar@test.com', 'SHUVAR@TEST.COM', 'shuvar@test.com', 'SHUVAR@TEST.COM', 0, 'AQAAAAIAAYagAAAAELXHdcdjSmde+tsIG1yGejMe2W2R7PJy76Vmtf8OFdmehUiOvspHwNWDcx9wlHUuFw==', 'D5WWGCI7IHAPY3OFA6TRUMVWEBNFK6P2', '1c1b826d-8d62-44d5-997d-b548a8c7eccd', '(032) 239 46 77', 0, 0, NULL, 1, 0),
('bbd3ed84-8fe6-4c35-8f8b-e204ff75338b', NULL, '33785336-b79e-423d-a729-41bd37c6034f', 'kushnir@test.com', 'KUSHNIR@TEST.COM', 'kushnir@test.com', 'KUSHNIR@TEST.COM', 0, 'AQAAAAIAAYagAAAAEM9K52JJI8nf94ho/H9UVNTwa2X5sVD95C69JnYny7FeO39TlfiM5QTKS+rZdPibVw==', 'QAZGSL5MHYD53C6Z5SJXQN2K4QOR2Q4D', 'e7debf1c-3ddb-4516-8493-8b07755b6920', '(032) 239-46-88', 0, 0, NULL, 1, 0),
('ef87a7ee-4dd1-4a79-928d-77842c22ef25', '3fa85f64-5717-4562-b3fc-2c963f66afa9', NULL, 'fes42@test.com', 'FES42@TEST.COM', 'fes42@test.com', 'FES42@TEST.COM', 0, 'AQAAAAIAAYagAAAAEOgqEKIiBOnerntHseXQhReA4R0UtQM+3vDH7tUsZQK5JSYjPC7AbfWmjZwpdVDU2w==', '2THHATTUDPQCBDZSROGVLAHKXWMIDZDC', '0e68a2c8-ce92-4b89-868e-889df434a4b8', '+380777777777', 0, 0, NULL, 1, 0);

-- --------------------------------------------------------

--
-- Структура таблиці `aspnetusertokens`
--

CREATE TABLE `aspnetusertokens` (
  `UserId` varchar(255) NOT NULL,
  `LoginProvider` varchar(255) NOT NULL,
  `Name` varchar(255) NOT NULL,
  `Value` longtext
) ENGINE=InnoDB DEFAULT CHARSET=utf8;

-- --------------------------------------------------------

--
-- Структура таблиці `chatgroups`
--

CREATE TABLE `chatgroups` (
  `Id` char(36) NOT NULL,
  `GroupName` longtext NOT NULL,
  `CreatedBy` char(36) NOT NULL,
  `CreatedAt` datetime(6) NOT NULL
) ENGINE=InnoDB DEFAULT CHARSET=utf8;

--
-- Дамп даних таблиці `chatgroups`
--

INSERT INTO `chatgroups` (`Id`, `GroupName`, `CreatedBy`, `CreatedAt`) VALUES
('9d1248df-9b09-4fcc-9a5b-44487c34aadc', 'Фес-42', '3fa85f64-5717-4562-b3fc-2c963f66afa6', '2024-12-22 13:31:04.907900');

-- --------------------------------------------------------

--
-- Структура таблиці `corestudentdbo`
--

CREATE TABLE `corestudentdbo` (
  `Id` char(36) NOT NULL,
  `Name` longtext NOT NULL,
  `Email` longtext NOT NULL,
  `Phone` longtext NOT NULL,
  `PhotoPath` longtext NOT NULL
) ENGINE=InnoDB DEFAULT CHARSET=utf8;

--
-- Дамп даних таблиці `corestudentdbo`
--

INSERT INTO `corestudentdbo` (`Id`, `Name`, `Email`, `Phone`, `PhotoPath`) VALUES
('3fa85f64-5717-4562-b3fc-2c963f66afa6', 'Владислав Шиян', 'vlad10shiyan2014@gmail.com', '+380987299126666', ''),
('3fa85f64-5717-4562-b3fc-2c963f66afa9', 'Студент ГрупиФес-42', 'fes42@test.com', '+380777777777', '');

-- --------------------------------------------------------

--
-- Структура таблиці `coreteacherdbo`
--

CREATE TABLE `coreteacherdbo` (
  `Id` char(36) NOT NULL,
  `UserID` longtext NOT NULL,
  `Name` longtext NOT NULL,
  `Email` longtext NOT NULL,
  `Phone` longtext NOT NULL,
  `PhotoPath` longtext NOT NULL,
  `DepartamentId` int(11) NOT NULL DEFAULT '0',
  `Title` longtext NOT NULL
) ENGINE=InnoDB DEFAULT CHARSET=utf8;

--
-- Дамп даних таблиці `coreteacherdbo`
--

INSERT INTO `coreteacherdbo` (`Id`, `UserID`, `Name`, `Email`, `Phone`, `PhotoPath`, `DepartamentId`, `Title`) VALUES
('33785336-b79e-423d-a729-41bd37c6034f', 'string', 'Кушнір Олег', 'kushnir@test.com', '(032) 239-46-88', 'teacher-pht\\kushnir.jpg', 3, 'Професор, завідувач кафедри'),
('3fa85f64-5717-4562-b3fc-2c963f66afa1', '3fa85f64-5717-4562-b3fc-2c963f66afa1', 'Шувар Роман', 'shuvar@test.com', '(032) 239 46 77', 'teacher-pht\\shuvar.jpg', 7, 'Доцент, завідувач кафедри'),
('3fa85f64-5717-4562-b3fc-2c963f66afa2', '3fa85f64-5717-4562-b3fc-2c963f66afa2', 'Шувар Роман', 'newShuvar@test.com', '(032) 239 46 77', 'teacher-pht\\shuvar.jpg', 0, '');

-- --------------------------------------------------------

--
-- Структура таблиці `departamentaboutdbo`
--

CREATE TABLE `departamentaboutdbo` (
  `Id` int(11) NOT NULL,
  `DepartamentAbout` longtext NOT NULL,
  `DepartamentMission` longtext NOT NULL,
  `DepartamentVizia` longtext NOT NULL,
  `DepartamnetStrategy` longtext NOT NULL
) ENGINE=InnoDB DEFAULT CHARSET=utf8;

--
-- Дамп даних таблиці `departamentaboutdbo`
--

INSERT INTO `departamentaboutdbo` (`Id`, `DepartamentAbout`, `DepartamentMission`, `DepartamentVizia`, `DepartamnetStrategy`) VALUES
(3, 'Кафедру оптоелектроніки та інформаційних технологій було відкрито в 1979 році, а під теперішньою назвою вона працює з 2012 року. Упродовж десятиліть кафедра забезпечувала підготовку студентів зі спеціальностей, пов’язаних спочатку з оптоелектронікою, а згодом – з інформаційними технологіями. Зокрема, це були спеціальності «Оптичні і оптико-електронні прилади і системи» (1979–1996 рр.), «Оптоелектроніка» (1996–2002 рр.), «Прикладна фізика» (2003–2010 рр.) та «Радіофізика і електроніка» (2005–2010 рр.). У рамках цих спеціальностей кафедра відповідала за спеціалізації «Оптико-електронні інформаційні системи» (1979–1998 рр.), «Оптоелектрон­на інформатика» (1999–2004 рр.), «Оптико-фізичні методи і техніка в біології та медицині» (1998–2007 рр.) та «Оптоелектронні та радіоекологічні прилади і системи» (2004–2008 рр.).Починаючи з 2005 року, кафедра оптоелектроніки та інформаційних технологій розпочала підготовку фахівців за тодішнім напрямом підготовки «Комп’ютерні науки» в межах спеціальності «Інформаційні системи проектування». Зокрема, до 2012 року кафедра випускала спеціалістів за спеціалізаціями «Оптичні інформаційні системи» та «Інформаційні системи моніторингу».На сьогодні кафедра має статус випускової і готує фахівців за освітньо-кваліфікаційними рівнями бакалавра та магістра зі спеціальності 122 «Комп’ютерні науки» (з 2012 р.). Починаючи з 2017 року, кафедра готує також бакалаврів за спеціальністю 126 «Інформаційні системи та технології», а з 2019 року – бакалаврів за спеціальністю 121 «Інженерія програмного забезпечення». У рамках спеціальностей «Комп’ютерні науки» та «Інформаційні системи та технології» кафедра відкрила спеціалізації «Системи штучного інтелекту» (з 2012 р.) та «Штучний інтелект і машинне навчання» (з 2018 р.). На додаток, кафедра веде окремі навчальні дисципліни для бакалаврів, які навчаються за спеціальністю 153 «Мікро- та наносистемна техніка».Зараз на кафедрі оптоелектроніки та інформаційних технологій працюють 5 професорів, 8 доцентів і 3 асистенти, 4 працівники учбово-допоміжного персоналу, а також навчається 4 аспіранти. Основні науково-педагогічні інтереси кафедри охоплюють оптоелектроніку та системи штучного інтелекту. Зокрема, йдеться про запис, опрацювання, передавання та відображення інформації, цифрову обробку сигналів і зображень, розпізнавання образів, комп’ютерну лінгвістику та обробку природної мови, складні системи та мережі, експертні системи, бази знань, нейронні мережі, інтелектуальні сенсори, системи радіологічного моніторингу та ін.За роки існування кафедри оптоелектроніки та інформаційних технологій її працівники опублікували понад 1500 наукових праць, у тому числі понад 20 монографій і навчальних посібників (зокрема, посібників із грифом Міністерства освіти України), одержали близько 50 авторських свідоцтв і патентів на винаходи. На кафедрі захищено 39 кандидатських дисертацій і 6 докторських дисертацій. Повний список науковців і випускників кафедри, які захистили кандидатські та докторські дисертації, а також роки захисту цих дисертацій наведено за посиланням', 'Відомо, що нині світ стоїть напередодні Четвертої індустріальної революції, найважливішими компонентами якої є штучний інтелект і великі дані, Інтернет речей, віртуальна реальність і тривимірний друк. Для забезпечення цього технологічного прориву потрібні добре підготовлені, висококваліфіковані молоді фахівці. Кафедра оптоелектроніки та інформаційних технологій вбачає своє місце в освітньому просторі нашої країни найперше в галузі інформаційних технологій, пов’язаних зі штучним інтелектом. Дослідженням та прикладним розробкам систем штучного інтелекту надається чільне місце, зокрема, в провідних наукових центрах США, Китаю, Європи, Японії та Кореї. Передбачається, що подальше прийняття стратегічної концепції розвитку штучного інтелекту в Україні також приведе до сплеску активності в цій галузі. У цьому плані кафедра оптоелектроніки та інформаційних технологій бачить себе науково-освітньою одиницею, покликаною максимально сприяти технологічному прогресові української держави.', 'Кафедра оптоелектроніки та інформаційних технологій працює у сфері підготовки фахівців у галузях інформатики та оптоелектроніки. Кафедра повинна подавати приклад високих стандартів якості навчання цих фахівців відповідно до вимог часу, з урахуванням кон’юнктури ринку праці та сучасних тенденціях розвитку інформаційних технологій. Шляхами досягнення цих цілей є напружена праця, самовіддана наукова та педагогічна діяльність колективу кафедри, забезпечення повної реалізації науково-педагогічного потенціалу працівників, а також запровадження та розвиток інноваційних спеціалізацій, прийомів і методів навчання.', 'Розширення освітніх можливостей. Розвиток навчально-методичного потенціалу. Підвищення наукового потенціалу. Поліпшення матеріально-технічного стану та інфраструктури. Розширення міжнародної співпраці.'),
(4, 'Кафедра радіоелектронних і комп’ютерних систем (КРКС) (до червня 2014 року – кафедра радіоелектронного матеріалознавства (КРЕМ)) заснована у 1977 році на базі фізичного і хімічного факультетів університету та Львівського науково-дослідного інституту матеріалів (спільний наказ МВССО УРСР і Міністерства радіопромисловості СРСР за №29/68 від 8 лютого/5 березня 1977р.; наказ ректора ЛДУ за №449 від 25 квітня 1977р). Швидкий розвиток радіоелектронної промисловості, впровадження новітніх наукових розробок у виробництво вимагав принципово нового підходу до підготовки молодих спеціалістів для електронної та приладобудівної промисловості, галузевих наукових установ. Необхідно було поєднати глибоке вивчення радіофізики, фізичного матеріалознавства, комп’ютерного моделювання та математичного прогнозування властивостей та процесів матеріалів електроніки, освоювати новий розділ електроніки – функціональну. На час відкриття кафедра радіоелектронного матеріалознавства була однією з перших в Україні, де поєднувались загальна і теоретична підготовки студентів в стінах університету з науково-дослідницькою роботою та фаховою підготовкою на базовому підприємстві. З 1977 р. підготовка спеціалістів велася за спеціальністю “Радіофізика і електроніка” – спеціалізація “Радіоелектронне матеріалознавство” на фізичному факультеті, а з 2003 ведеться за спеціальністю “Прикладна фізика” – спеціалізація “Радіоелектронне матеріалознавство” на факультеті електроніки. На кафедрі навчалось на одному курсі до 50 студентів радіофізиків, фізиків та хіміків. Понад 200 випускників було скеровано на роботу в науково-виробниче об’єднання “Карат”  та наукові і виробничі підприємства Львова, Дрогобича, Тернополя; Івано-Франківська, Хмельницького та ін. До навчального процесу було залучено провідних спеціалістів Львівського науково-дослідного інституту матеріалів (Волженська Л.І., Бурак Я.В., Матковський А.О., Прокопишин І.Ю., Винник Д.М., Зубюк Г.Г., Соболев В.М. та iн.) та викладачів фізичного і хімічного факультетів. До 1983 року кафедру за сумісництвом очолював директор ЛНДІМ проф. Зюбрик О.І. Першими викладачами на кафедрі були доц. Савицький І.В., канд. хім. наук  Ярмолюк Я. П., асист. Футей О.В. Пізніше на кафедру прийшли працювати доц.. Болеста І.М., доц.. Коман Б.П., проф. Савицький В.Г., доц. Леновенко A.M., ст. в. Харченко О.І., доц. Яремко З.М., доц. Монастирський Л.С. В різні роки кафедрою завідували: проф. Савицький В.Г. (1984-1987), директор ЛНДІМ доц. Гаврилюк Ю.М. (1988-1990), заступник генерального директора НВО “Карат” Веремейчук  М.С. (1992-1996). Протягом  20 років справами кафедри керував доц. Савицький І.В., а з березня 1997 року кафедру очолив проф. Луців Р.В., який до цього працював на кафедрі фізики напівпровідників. Зараз   кафедрою завідує доктор фіз.-мат. наук, проф. Монастирський Л.С. .', 'Кафедра формує та реалізує освітні і наукові стандарти у галузі інформаційних технологій і електроніки та формує особистість – носія інтелектуального та інноваційного потенціалу.', 'Кафедра є лідером у сфері знань в області розроблення  апаратних засобів, програмних продуктів та організаційних рішень у галузі інтелектуальних інформаційних технологій.', 'Досягнення найвищих стандартів у освітній, науковій та суспільній діяльності в області інформаційних технологій  Забезпечення високої якості навчального процесу шляхом взаємодії із роботодавцями та його безперервної адаптації до нових вимог. Участь на міжнародному ринку освітніх послуг та в інноваційній діяльності.'),
(5, 'Кафедра забезпечує викладання низки нормативних і вибіркових дисциплін циклу професійного спрямування за кількома освітніми програмами (122 Комп’ютерні науки, 126 Інформаційні системи та технології, 121 Інженерія програмного забезпечення, 121 Високопродуктивний комп’ютинг). Навчальний процес на кафедрі забезпечують 20 викладачі, зокрема, 4 доктори наук і 11 кандидатів наук.Кафедра заснована у 1964 році із назвою «Кафедра теоретичних основ електрорадіотехніки». Першим завідувачем кафедри був відомий вчений та науковець професор Микола Григорович Максимович (29 квітня 1914 – 10 червня 1981).З 1981 по 1991 рік кафедру очолював професор Лев Аронович Синицький (1925-2009). Під його керівництвом велися роботи з теорії нелінійних електричних кіл та з розробки програм моделювання цих кіл на ЕОМ. У 1985 р. на базі кафедри була створена міжкафедральна обчислювальна лабораторія. 1988 року створено навчальну лабораторію аналогової і цифрової обробки сигналів та зображень. Студенти виконували курсові та дипломні роботи, досліджуючи цифрові фільтри, способи передачі та запису цифрових сигналів, опрацювання цифрових зображень, методи розпізнавання образів. У 1991 році кафедру очолив професор Петро Григорович Стахів, який започаткував на кафедрі роботи з медико-біологічної електроніки та моделювання процесів у біологічних об’єктах. Впродовж 1996-1998 років обов’язки завідувача кафедри виконував доцент Юрій Cтепанович Мочульський. З 1998 року до 2022 року кафедр очолював професор Іван Михайлович Болеста, який впровадив низку нових загальних та спеціальних курсів, організував лабораторію функціональної електроніки та започаткував серію конференцій «Електроніка та інформаційні технології». Із 2012 року офіційна назва підрозділу – «Кафедра радіофізики та комп’ютерних технологій». З часу заснування кафедра випускає збірник наукових праць, який зараз носить назву «Електроніка та інформаційні технології».', 'Місія кафедри полягає у підготовці спеціалістів з високими моральними якостями, україноцентричним соціально-відповідальним світоглядом та з високою кваліфікацією у сфері інформаційних технологій відповідно до сучасних потреб ринку. Зокрема, фахівці повинні бути конкурентоздатними на ринку праці, вміти використовувати інноваційні підходи до навчання, мати лідерські якості, вміти працювати у команді та бути соціально і професійно мобільними. Саме ці якості дозволять фахівцям бути затребуваними у ІТ-галузі', 'Кафедра повинна зберегти і розвинути здобутки, досягнуті у попередні роки. Зокрема, у галузі навчально-методичної роботи, здійснювати підготовку висококваліфікованих фахівців з фундаментальною освітою в галузі електроніки та ґрунтовною комп’ютерною підготовкою. У сфері наукової діяльності розвивати науково-дослідну роботу у галузі знань12 «Інформаційні технології» та здійснювати підготовку спеціалістів вищої кваліфікації (phd, докторанти)', 'Акцентувати важливість національно-патріотичного виховання студентів у навчальному процесі, виховувати у них патріотизм, формувати національну свідомість, почуття власної гідності та поваги до інших людей. Опрацьовувати та брати участь у заходах, що відносяться до виховної роботи. Розвивати існуючі та створювати нові сучасні наукові напрямки досліджень. Брати участь у формуванні факультетських (та міжфакультетських) наукових проектів, проведенні науково-практичних конференцій, виданні збірника наукових праць «Електроніка та інформаційні технології».'),
(6, ' Кафедра підтримує сталі науково-практичні зв’язки із вітчизняними та зарубіжними закладами науки та освіти: Інститут прикладних проблем матеріалознавства, м. Київ; Інститут сцинтиляційних матеріалів НТК Інститут монокристалів НАНУ м. Харків; Національний університет «Львівська політехніка»; Вінницький національний технічний університет, кафедра «Радіотехніка»; ДП «НДІ Система» м. Львів; НВП «Карат» м. Львів; НВО «Термоприлад» м. Львів.', ' Кафедра є базовим структурним підрозділом факультету, який формує та реалізує умови для розвитку особистості шляхом отримання повної вищої освіти у галузі електроніки та техніки на базі наукового та науково-педагогічного доробку.', ' Кафедра є багаторічним виконавцем наукових та науково-освітніх програм у галузі матеріалознавства для сенсорної та напівпровідникової електроніки а, також працює у напрямку поєднання апаратних засобів та організаційних рішень в інформаційних технологіях.', 'Забезпечення високої якості навчального процесу шляхом взаємодії із ключовими фірмами в галузі електроніки та ІТ, а також безперервної адаптації освітніх програм до нових вимог сучасної електроніки та ринку праці. Участь у міжнародному ринку освітніх послуг з метою поєднання та розширення навчальної і дослідницької бази.'),
(7, 'Кафедра системного проектування створена у 2016 році (наказ ректора № 0-66 від 11.04.2016 року) і здійснює підготовку бакалаврів та магістрів зі спеціальності 122 – “Комп’ютерні науки”, бакалаврів зі спеціальності 126 – “Інформаційні системи та технології” та бакалаврів зі спеціальності 121 – “Інженерія програмного забезпечення”. При розробці нових освітніх програм підготовки студентів викладачі кафедри тісно співпрацюють зі Львівським IT-кластером та з фахівцями IT-індустрії, зокрема з компаніями InfoPulse, GlobalLogic, EPAM, ELEKS, SoftServe, Vakoms, Sigma Software та іншими. Основною метою створення нових освітніх програм є підготовка спеціалістів з інформаційних технологій згідно з новими вимогами ринку праці. На кафедрі з вересня 2017 року стартувала нова освітня програма Data Science, з вересня 2019 року – нова освітня програма Software Engineering, а з вересня 2020 р. – нова освітня програма High Performance Computing. Навчальний процес на кафедрі забезпечують 5 професорів, 8 доцентів та 10 асистентів. Всі викладачі кафедри пройшли профільне стажування у профільних університетах України та провідних ІТ-компаніях. Для забезпечення навчального процесу при кафедрі створена та функціонує навчальна лабораторія проектування інформаційних систем. На кафедрі функціонують 4 комп’ютерні навчальні лабораторії – № 5, № 8, № 9 і № 11. В 2019 р. за підтримки та сприяння компанії InfoPulse на кафедрі відкрито навчально-дослідницьку комп’ютерну лабораторію “Наука про дані та машинне навчання”. В 2021 р. за підтримки та сприяння компанії GlobalLogic відкрито навчально-дослідницьку комп’ютерну лабораторію “Software Engineering Lab” для студентів освітніх програм Software Engineering na High Performance Computing. В 2022 р. за підтримки та сприяння Львівської облдержадміністрації та компанії ELEKS відкрито навчально-дослідницьку комп’ютерну лабораторію “Artificial Intelligence Technologies Lab”.', 'Кафедра системного проектування готує соціально-відповідальних висококваліфікованих фахівців у сфері сучасних інформаційних технологій, які мають лідерські та високі моральні якості, здатність до командної роботи, є конкурентоздатними на ринку праці, ефективно здійснюють взаємодію в професійному, корпоративному та суспільному середовищі, володіють соціальною і професійною мобільністю та мають стійкий попит в ІТ-компаніях.', 'Освітні програми кафедри є сучасними, якісними, інноваційними та орієнтованими на потреби ІТ-індустрії. Випускники кафедри є успішними працівниками провідних ІТ-компаній, які здатні виконувати широке коло завдань, освоювати нові технології, адаптовані до швидкої перепідготовки.', 'Розвиток наявних і відкриття нових освітніх програм в галузі сучасних ІТ, Впровадження нових технологій організації навчальної, методичної та наукової діяльності кафедри, Поглиблення співпраці з провідними ІТ-компаніями, Розвиток кадрового потенціалу кафедри, Покращення інфраструктури кафедри'),
(8, 'На кафедрі фізичної та біомедичної електроніки працюють 8 викладачів (професор,  доктор фізико-математичних наук Бордун О.М.;  доценти,  доктор фізико-математичних наук Бігун Р.І.,  кандидати фізико-математичних наук Кухарський І.Й., Пенюх Б.Р., Медвідь І.І., Бігдай В.Г., Бучковська М.Д.; асистент Кофлюк І.М.), 6 працівників навчально-допоміжного персоналу, 3 штатних працівники НДЧ. Кафедру очолює доктор фізико-математичних наук, професор Бордун О.М. На кафедрі функціонують навчальні лабораторії фізичної електроніки, технологічних основ електроніки, фізики адсорбційних явищ, фізики поверхневих явищ, технології тонких плівок, вакуумної і плазмової електроніки, фізики фотобіологічних процесів, біомедичної електроніки, електронної мікроскопії та електронографії, механіки і молекулярної фізики та демонстраційний кабінет при основній лекційній аудиторії факультету. Викладачі кафедри здійснюють підготовку фахівців за спеціальностями “153-Мікро- та наносистемна техніка” і “171-Електроніка”, читають ряд загальних та спеціальних курсів. Основними з них є курси “Загальна фізика”,  “Фізичні основи електроніки” ( проф. Бордун О.М.), “Біомедична інженерія та штучний інтелект” (проф. Бордун О.М.), “Фізична електроніка” (доц. Бігун Р.І.), “Фізичні основи методів медичної діагностики” (проф. Бордун О.М.),  “Тонкоплівкові технології в мікроелектроніці” (доц. Пенюх Б.Р.), та ін.', 'Кафедра фізичної та біомедичної електроніки створена 11 лютого 2003 року за наказом Ректора Львівського національного університету імені Івана Франка шляхом поділу кафедри загальної фізики фізичного факультету на дві кафедри. До складу новоствореної кафедри увійшли викладачі кафедри загальної фізики, які поряд з викладанням курсу загальної фізики займались науковими дослідженнями в галузі фізичної електроніки та фізики медико-біологічних систем і здійснювали підготовку фахівців спеціальності “Радіофізика і електроніка” (спеціалізація “Фізична і біомедична електроніка). З березня 2003 року кафедра фізичної і біомедичної електроніки увійшла до складу факультету електроніки.', 'Значні наукові здобутки колективу кафедри сприяли суттєвому збільшенню об’єму держбюджетної та госпдоговірної тематики, розширенню наукових зв’язків з підприємствами та науково-дослідними установами України і зарубіжних країн (Інститут фізики НАН України, Київський національний університет ім. Т.Шевченка, Інститут фізики напівпровідників НАН України, Фізико-технічний інститут ім. Йоффе, С.-Петербург, Росія). У цей період суттєво зростають і обсяги науково-дослідних робіт за госпдоговірною тематикою. Найширшою за тематикою та обсягом робіт була співпраця з СКБ Львівського заводу кінескопів. Зокрема на кафедрі виконано значну кількість науково-дослідних робіт прикладного плану та робіт, присвячених розробці методик використання експериментальних методів фізичної електроніки в інших галузях природознавства. Серед них – розробка унікальної методики мас-спектрометричних досліджень складу рідинних та газових включень в кварцах з пегматитів (Стасюк З.В., Панчишин Р.С.); вимірювальна мас-спектрометрична система на базі омегатронного датчика РМО-4С, яка дозволяє проводити кількісний аналіз газового складу у вакуумних приладах з робочим діапазоном аналізових масових чисел 2-84 (Кушнір Р.М., Стасюк З.В., Орищин Ю.М.); перші мас-спектрометричні дослідження температурної та радіаційної деструкції матеріалів, зокрема лужно-галоїдних кристалів при їх радіолізі . (Стасюк З.В., Караван Ю.В., Цаль М.О., Дідик Р.І.); комплекс мас-спектрометричних досліджень газового середовища в готових ЕПП (Стасюк З.В., Панчишин Р.С., Соляник З.В. та Пенцак О.М.) та ін. Результати мас-спектрометричних дослідженнь газовиділення та термічного розкладу полідифенілсилаксанів, проведених Стасюком З.В. і Караваном Ю.В. пізніше були використані в Київському НДІ електромеханічних приладів для створення першої в СРСР електронно-променевої трубки з термопластичним записом інформації', 'У тих же 70-х роках на кафедрі загальної фізики створюється лабораторія фізики поверхні і адсорбційних явищ. Очолив лабораторію кандидат фізико-математичних наук, доцент Смерека Т. П.. Тематика лабораторії – фундаментальні дослідження в галузі фізики поверхні металів і металоплівкових адсорбційних систем. Співробітники лабораторії (М.Гупало, Ф.Гончар, Я.Лозовий) успішно впроваджують нові методи дослідження властивостей поверхні, зокрема метод дифракції повільних електронів. У цей час основна увага приділяється вивченню природи взаємодії лужних і лужноземельних елементів, адсорбованих на основних гранях кристалів вольфраму, молібдену і ренію.');

-- --------------------------------------------------------

--
-- Структура таблиці `departaments`
--

CREATE TABLE `departaments` (
  `Id` int(11) NOT NULL,
  `DepartamentAboutId` int(11) NOT NULL,
  `DepartamentsListId` int(11) NOT NULL
) ENGINE=InnoDB DEFAULT CHARSET=utf8;

--
-- Дамп даних таблиці `departaments`
--

INSERT INTO `departaments` (`Id`, `DepartamentAboutId`, `DepartamentsListId`) VALUES
(3, 3, 3),
(4, 4, 4),
(5, 5, 5),
(6, 6, 6),
(7, 7, 7),
(8, 8, 8);

-- --------------------------------------------------------

--
-- Структура таблиці `departamentslistdbo`
--

CREATE TABLE `departamentslistdbo` (
  `Id` int(11) NOT NULL,
  `DepartamentName` longtext NOT NULL,
  `TeacherName` longtext NOT NULL,
  `KafedtaPhoto` longtext NOT NULL,
  `DepartamentPhone` longtext NOT NULL,
  `DepartamentLink` longtext NOT NULL
) ENGINE=InnoDB DEFAULT CHARSET=utf8;

--
-- Дамп даних таблиці `departamentslistdbo`
--

INSERT INTO `departamentslistdbo` (`Id`, `DepartamentName`, `TeacherName`, `KafedtaPhoto`, `DepartamentPhone`, `DepartamentLink`) VALUES
(3, 'Оптоелектроніки та інформаційних технологій', 'професор Кушнір О. С.', 'opto-kafedra.png', '(032) 239-46-88', 'string'),
(4, 'Радіоелектронних і комп’ютерних систем', 'професор Оленич І. Б.', 'KRKS.jpg', '239 45 64, 239-44 46', 'string'),
(5, 'Радіофізики та комп’ютерних технологій', 'доцент Карбовник І. Д.', 'KRKT.png', '(032)239-45-65', 'string'),
(6, 'Сенсорної та напівпровідникової електроніки', 'Лучечко А. П.', 'DSC.jpg', '(032) 239 47 30, 239 46 85 Факс: (032)2394730', 'string'),
(7, 'Системного проектування', 'доцент Шувар Р. Я.', 'system_design1-101x94.png', '(032) 239-43-80', 'string'),
(8, 'Фізичної та біомедичної електроніки', 'професор Бордун О. М.', 'fbme.png', '(032) 239-41-30', 'string');

-- --------------------------------------------------------

--
-- Структура таблиці `files`
--

CREATE TABLE `files` (
  `Id` char(36) NOT NULL,
  `UserId` longtext NOT NULL,
  `FileName` longtext NOT NULL,
  `FilePath` longtext NOT NULL,
  `UploadDate` datetime(6) NOT NULL
) ENGINE=InnoDB DEFAULT CHARSET=utf8;

-- --------------------------------------------------------

--
-- Структура таблиці `groups`
--

CREATE TABLE `groups` (
  `Id` int(11) NOT NULL,
  `GroupName` longtext NOT NULL
) ENGINE=InnoDB DEFAULT CHARSET=utf8;

--
-- Дамп даних таблиці `groups`
--

INSERT INTO `groups` (`Id`, `GroupName`) VALUES
(1, 'Фес-42');

-- --------------------------------------------------------

--
-- Структура таблиці `groupusers`
--

CREATE TABLE `groupusers` (
  `GroupId` char(36) NOT NULL,
  `UserId` char(36) NOT NULL,
  `Id` char(36) NOT NULL,
  `User` longtext NOT NULL
) ENGINE=InnoDB DEFAULT CHARSET=utf8;

--
-- Дамп даних таблиці `groupusers`
--

INSERT INTO `groupusers` (`GroupId`, `UserId`, `Id`, `User`) VALUES
('9d1248df-9b09-4fcc-9a5b-44487c34aadc', '33785336-b79e-423d-a729-41bd37c6034f', '396a627d-28a4-4941-8e2c-fa4e4b358409', 'Кушнір Олег'),
('9d1248df-9b09-4fcc-9a5b-44487c34aadc', '3fa85f64-5717-4562-b3fc-2c963f66afa1', 'e54260f8-5a43-4a52-b5fe-75414d43375a', 'Шувар Роман'),
('9d1248df-9b09-4fcc-9a5b-44487c34aadc', '3fa85f64-5717-4562-b3fc-2c963f66afa2', '9e53e22a-64e1-4e42-a52d-3cc30e30aef0', 'Шувар Роман'),
('9d1248df-9b09-4fcc-9a5b-44487c34aadc', '3fa85f64-5717-4562-b3fc-2c963f66afa6', '317bef7c-d8a9-425e-9e5c-254d764f5722', 'Владислав Шиян'),
('9d1248df-9b09-4fcc-9a5b-44487c34aadc', '3fa85f64-5717-4562-b3fc-2c963f66afa9', '6343cfe2-75b2-4269-bb00-1d006a1648f5', 'Студент ГрупиФес-42');

-- --------------------------------------------------------

--
-- Структура таблиці `messages`
--

CREATE TABLE `messages` (
  `Id` char(36) NOT NULL,
  `MessageId` char(36) NOT NULL,
  `GroupId` char(36) NOT NULL,
  `SenderId` char(36) NOT NULL,
  `Text` longtext NOT NULL,
  `SendAt` datetime(6) NOT NULL,
  `IsRead` tinyint(1) NOT NULL,
  `GroupDboId` char(36) DEFAULT NULL,
  `SenderName` longtext NOT NULL
) ENGINE=InnoDB DEFAULT CHARSET=utf8;

--
-- Дамп даних таблиці `messages`
--

INSERT INTO `messages` (`Id`, `MessageId`, `GroupId`, `SenderId`, `Text`, `SendAt`, `IsRead`, `GroupDboId`, `SenderName`) VALUES
('151e9e7a-81ab-44f5-8537-a71a0c329d40', '38a83011-50d2-4b2b-a98e-96828d0e7023', '9d1248df-9b09-4fcc-9a5b-44487c34aadc', '3fa85f64-5717-4562-b3fc-2c963f66afa1', ' hel', '2024-12-22 15:57:23.876048', 1, NULL, 'Шувар Роман'),
('1b5a7334-ec18-4500-9f01-d6e0eb1222fa', 'a29cb720-b807-4de8-86a2-29fbea64cac6', '9d1248df-9b09-4fcc-9a5b-44487c34aadc', '3fa85f64-5717-4562-b3fc-2c963f66afa6', ' 1', '2024-12-22 16:15:51.587930', 1, NULL, 'Владислав Шиян'),
('49334e4a-88c0-4959-8fa2-8e7fa44f3535', 'a847cf07-9877-427b-89e6-edaf0624e597', '9d1248df-9b09-4fcc-9a5b-44487c34aadc', '3fa85f64-5717-4562-b3fc-2c963f66afa6', '1', '2024-12-22 15:57:02.752578', 1, NULL, 'Владислав Шиян'),
('6944593b-5974-483f-9c1a-70ea8e208469', '592c5f1c-7e43-4f40-a044-ae45266d19a0', '9d1248df-9b09-4fcc-9a5b-44487c34aadc', '3fa85f64-5717-4562-b3fc-2c963f66afa6', ' 12', '2024-12-22 16:16:41.929558', 1, NULL, 'Владислав Шиян'),
('6d0684a2-6484-4429-abf5-ea761c340e67', '97baa8c7-f57b-435f-9465-25f9049aafc1', '9d1248df-9b09-4fcc-9a5b-44487c34aadc', '3fa85f64-5717-4562-b3fc-2c963f66afa6', ' xd', '2024-12-22 15:57:43.993806', 1, NULL, 'Владислав Шиян'),
('84887b36-5db1-4518-882b-b39829a0d8a7', '9d0fcbcb-109e-40cc-a463-7bfabd1367c8', '9d1248df-9b09-4fcc-9a5b-44487c34aadc', '3fa85f64-5717-4562-b3fc-2c963f66afa6', ' в групу', '2024-12-22 16:30:16.086639', 1, NULL, 'Владислав Шиян'),
('913093b3-f8c7-4f2b-9535-1e7273238751', '94cd2402-11df-48d2-b7bf-6a53de5c4eb1', '9d1248df-9b09-4fcc-9a5b-44487c34aadc', '3fa85f64-5717-4562-b3fc-2c963f66afa6', ' vlad to group', '2024-12-22 15:59:09.559296', 1, NULL, 'Владислав Шиян'),
('9d1abf5c-a26e-4fe1-8a59-ce59f7159e97', '767b0379-620d-4199-9e06-74addabdb4bf', '9d1248df-9b09-4fcc-9a5b-44487c34aadc', '3fa85f64-5717-4562-b3fc-2c963f66afa1', '2', '2024-12-22 15:57:07.038569', 1, NULL, 'Шувар Роман'),
('a7ef0071-bc4b-4be1-a7aa-b3d0a5468756', '1a57a3cf-bf0f-4085-a0f4-c2af046e5748', '9d1248df-9b09-4fcc-9a5b-44487c34aadc', '3fa85f64-5717-4562-b3fc-2c963f66afa1', ' xf', '2024-12-22 15:57:31.757158', 1, NULL, 'Шувар Роман'),
('ca21cd31-4e05-4d04-8d63-c7ff2a409b9d', 'af940380-45ff-4134-878c-2371f1fe43e1', '9d1248df-9b09-4fcc-9a5b-44487c34aadc', '3fa85f64-5717-4562-b3fc-2c963f66afa1', ' 4', '2024-12-22 16:10:58.102665', 1, NULL, 'Шувар Роман'),
('d24fe24e-baec-4d27-a4a7-c7f9e02cc117', 'b1d648f7-b708-4572-b731-867edeecff7a', '9d1248df-9b09-4fcc-9a5b-44487c34aadc', '3fa85f64-5717-4562-b3fc-2c963f66afa6', '123', '2024-12-22 17:06:43.989790', 1, NULL, 'Владислав Шиян'),
('d2ae4ffb-736a-4a39-ac51-f2d1e5a711e4', 'a13292d9-c973-4382-84be-7dbc05fb12d9', '9d1248df-9b09-4fcc-9a5b-44487c34aadc', '3fa85f64-5717-4562-b3fc-2c963f66afa1', ' shuvar to group', '2024-12-22 15:59:20.289274', 1, NULL, 'Шувар Роман'),
('ffb61909-106c-4cf9-99e6-7b61b5974a95', '84de2122-6aea-4571-9a27-92dd0e9fe7e9', '9d1248df-9b09-4fcc-9a5b-44487c34aadc', '3fa85f64-5717-4562-b3fc-2c963f66afa6', ' hello', '2024-12-22 15:57:13.950520', 1, NULL, 'Владислав Шиян');

-- --------------------------------------------------------

--
-- Структура таблиці `privatechats`
--

CREATE TABLE `privatechats` (
  `Id` char(36) NOT NULL,
  `MessageId` char(36) NOT NULL,
  `SenderId` longtext NOT NULL,
  `ReceiverId` longtext NOT NULL,
  `Content` longtext NOT NULL,
  `SendAt` datetime(6) NOT NULL,
  `isRead` tinyint(1) NOT NULL
) ENGINE=InnoDB DEFAULT CHARSET=utf8;

--
-- Дамп даних таблиці `privatechats`
--

INSERT INTO `privatechats` (`Id`, `MessageId`, `SenderId`, `ReceiverId`, `Content`, `SendAt`, `isRead`) VALUES
('00441ce4-0d53-403e-a75b-84e2d019f71b', '890b79cb-8cd5-4155-8ad1-2a8df9756e56', '3fa85f64-5717-4562-b3fc-2c963f66afa6', '3fa85f64-5717-4562-b3fc-2c963f66afa1', '1', '2024-12-22 16:13:34.782771', 1),
('03b46204-de3f-48b6-834e-6ac2f257ce77', '0a01c8d0-85c0-44bc-86f3-3fb2a76cc364', '3fa85f64-5717-4562-b3fc-2c963f66afa1', '3fa85f64-5717-4562-b3fc-2c963f66afa6', '415', '2024-12-22 17:11:16.160076', 1),
('03d5dcd3-b1f6-4c8d-9701-b2048c29d1ba', 'c250e031-2ab7-48e1-ac16-babd7b43f24f', '3fa85f64-5717-4562-b3fc-2c963f66afa1', '3fa85f64-5717-4562-b3fc-2c963f66afa6', '4', '2024-12-22 16:12:44.437679', 1),
('07168f62-fb80-416f-b710-aeadb61672b3', '41304a11-d75d-445e-822e-170546b3189d', '3fa85f64-5717-4562-b3fc-2c963f66afa6', '3fa85f64-5717-4562-b3fc-2c963f66afa1', '2', '2024-12-22 15:51:11.296908', 1),
('0c61c024-bf69-41b9-9bc1-420f97b39133', '3523e51e-f8c8-43f2-a89a-52eeb48850ce', '3fa85f64-5717-4562-b3fc-2c963f66afa6', '3fa85f64-5717-4562-b3fc-2c963f66afa1', ' vlad to shuvar', '2024-12-22 15:59:26.710080', 1),
('2d1441ae-c11c-4ee1-9ae2-7f51a7605f53', 'cc149d8d-9ff4-4691-ae93-0c8c33857d0b', '3fa85f64-5717-4562-b3fc-2c963f66afa1', '3fa85f64-5717-4562-b3fc-2c963f66afa6', '3', '2024-12-22 16:10:27.530678', 1),
('2f47b9c3-9ac4-42cb-94da-941b8d38d4c4', 'e372ddf3-c5e2-485f-a9f3-7baf34b2d476', '3fa85f64-5717-4562-b3fc-2c963f66afa6', '33785336-b79e-423d-a729-41bd37c6034f', ' 2', '2024-12-22 16:10:24.222336', 0),
('30fa72eb-62cd-43b6-a9cf-562d485aea3b', '1068ac4e-fe3a-4a38-a927-79d4a39374e3', '3fa85f64-5717-4562-b3fc-2c963f66afa6', '3fa85f64-5717-4562-b3fc-2c963f66afa1', ' 122', '2024-12-22 17:05:35.401786', 1),
('3421d690-4dab-4f5c-915d-5c711cc12b24', '98819154-666c-41b7-92e6-011534031b65', '3fa85f64-5717-4562-b3fc-2c963f66afa1', '3fa85f64-5717-4562-b3fc-2c963f66afa6', '124', '2024-12-22 17:04:34.955100', 1),
('3cb4c64c-9efb-4be4-8164-6112550f0816', '5516014d-f94d-4723-98df-2e42d40d5242', '3fa85f64-5717-4562-b3fc-2c963f66afa1', '3fa85f64-5717-4562-b3fc-2c963f66afa6', ' shuvar to vlad', '2024-12-22 15:59:34.592458', 1),
('3e18c82c-9122-42fb-b80b-749c5f80aec1', '0541d196-83c4-4cf7-9b33-cb27e619466f', '3fa85f64-5717-4562-b3fc-2c963f66afa6', '3fa85f64-5717-4562-b3fc-2c963f66afa1', '111', '2024-12-22 17:07:56.518554', 1),
('44962fc6-6c6a-4895-863a-b170df2e107f', 'ecab35ab-5c49-4792-a5fd-d060879ed50c', '3fa85f64-5717-4562-b3fc-2c963f66afa1', '3fa85f64-5717-4562-b3fc-2c963f66afa6', ' 2', '2024-12-22 16:15:04.873322', 1),
('60c0eb69-feb5-48ef-9e2d-28c0c782d958', 'fc42a954-9d74-4530-95e7-95cca5023322', '3fa85f64-5717-4562-b3fc-2c963f66afa1', '3fa85f64-5717-4562-b3fc-2c963f66afa6', '125', '2024-12-22 17:06:30.641658', 1),
('63bc1447-9848-4816-87ad-45ccb041c599', '086c2222-f91a-41ec-a0f8-90eb915c5ba9', '3fa85f64-5717-4562-b3fc-2c963f66afa1', '3fa85f64-5717-4562-b3fc-2c963f66afa6', ' 12', '2024-12-22 16:15:13.772928', 1),
('6bb9cb28-6892-4c40-8bae-ac624626f532', 'a5d1a864-588b-43e3-9920-21f530f664da', '3fa85f64-5717-4562-b3fc-2c963f66afa6', '3fa85f64-5717-4562-b3fc-2c963f66afa1', '111', '2024-12-22 17:03:48.188005', 1),
('7257af81-d536-425a-b3d2-014e87005833', 'f6c94527-53c1-40cb-b5da-4232151bc339', '3fa85f64-5717-4562-b3fc-2c963f66afa1', '3fa85f64-5717-4562-b3fc-2c963f66afa6', '123', '2024-12-22 17:03:14.409432', 1),
('7a7d0aa6-641b-4f8b-98dc-9046e76832e1', 'be5ccf7b-e06d-4748-9657-2774fd553300', '3fa85f64-5717-4562-b3fc-2c963f66afa6', '3fa85f64-5717-4562-b3fc-2c963f66afa1', ' ge4', '2024-12-22 16:16:19.594022', 1),
('83270bde-271c-4541-93e0-fbd6f21a34c8', '045706d9-fa56-4a01-875e-7e2ec5fe8ad9', '3fa85f64-5717-4562-b3fc-2c963f66afa6', '3fa85f64-5717-4562-b3fc-2c963f66afa1', '222', '2024-12-22 17:02:45.661198', 1),
('8e1f3e0d-71f9-4468-8cae-99181aa7c675', 'f224023f-7e23-4146-8cf9-73f6e27d663f', '3fa85f64-5717-4562-b3fc-2c963f66afa6', '33785336-b79e-423d-a729-41bd37c6034f', ' 1', '2024-12-22 16:10:18.708841', 0),
('970a4f6d-531b-4b8c-a967-fb02d453afe2', 'e0a58ec0-4a72-4ee9-adff-36e13d87f7f1', '3fa85f64-5717-4562-b3fc-2c963f66afa6', '3fa85f64-5717-4562-b3fc-2c963f66afa1', ' 2', '2024-12-22 16:29:57.144036', 1),
('97445b97-0505-49f5-b9f1-595f014e607e', 'd7341166-61aa-493a-a4a7-45a4ef9a6f15', '3fa85f64-5717-4562-b3fc-2c963f66afa6', '3fa85f64-5717-4562-b3fc-2c963f66afa1', '3', '2024-12-22 16:14:48.909034', 1),
('a43c0569-e544-4132-93b8-cdf078a32a85', '255ce8d5-3f04-4fbf-9066-b2ba8d90c25c', '3fa85f64-5717-4562-b3fc-2c963f66afa6', '3fa85f64-5717-4562-b3fc-2c963f66afa1', '124', '2024-12-22 17:06:21.648432', 1),
('a62608fe-b0c4-45fb-a186-a2c4b474b490', '970829e0-0e2f-4f96-b281-5a4dec38d35f', '3fa85f64-5717-4562-b3fc-2c963f66afa6', '33785336-b79e-423d-a729-41bd37c6034f', ' 3', '2024-12-22 16:14:59.974833', 0),
('a7367095-8248-48f5-a014-45d4a6f11bcc', 'ad152c68-724e-4345-b82a-1ca55d1e5a7c', '3fa85f64-5717-4562-b3fc-2c963f66afa6', '3fa85f64-5717-4562-b3fc-2c963f66afa1', ' 1', '2024-12-22 16:16:26.847975', 1),
('abe03e32-801b-4613-a592-50b58e34c976', 'e4dcd57c-4e31-42e2-ab15-99cbdcf449b7', '3fa85f64-5717-4562-b3fc-2c963f66afa6', '3fa85f64-5717-4562-b3fc-2c963f66afa1', ' 123', '2024-12-22 17:03:08.603546', 1),
('b732a3ae-1c8a-457b-a42c-5b5721009093', 'bf748399-ce5e-4543-be5f-8c1511fe5307', '3fa85f64-5717-4562-b3fc-2c963f66afa6', '33785336-b79e-423d-a729-41bd37c6034f', 'vlad to kushnir', '2024-12-22 16:10:10.709889', 0),
('ba177594-f5be-4015-a26b-fdb826abe792', 'eee0b306-ea6c-4199-bb81-2ec29276d319', '3fa85f64-5717-4562-b3fc-2c963f66afa1', '3fa85f64-5717-4562-b3fc-2c963f66afa6', '2', '2024-12-22 16:14:45.481296', 1),
('bd01af33-e258-4a36-bc07-30aff04e77cf', '2bd4af1b-981c-430a-b919-c406281bac6f', '3fa85f64-5717-4562-b3fc-2c963f66afa1', '3fa85f64-5717-4562-b3fc-2c963f66afa6', ' 1', '2024-12-22 15:51:02.943113', 1),
('c3d2bbab-31ca-4afb-94eb-78f0c8e2631c', 'e57839ae-db48-462d-af38-44e377466619', '3fa85f64-5717-4562-b3fc-2c963f66afa6', '3fa85f64-5717-4562-b3fc-2c963f66afa1', '126', '2024-12-22 17:05:27.238306', 1),
('c5991084-25f6-4b5c-a138-f6485c267976', '72e27d3d-e057-436d-8a7a-8948bf97a20b', '3fa85f64-5717-4562-b3fc-2c963f66afa1', '3fa85f64-5717-4562-b3fc-2c963f66afa6', ' 1', '2024-12-22 16:14:56.084952', 1),
('c7995420-e3a6-45be-b9b9-5767ed0a7f94', 'e0beead0-2bb6-46be-b9f8-e046b4e63646', '3fa85f64-5717-4562-b3fc-2c963f66afa6', '3fa85f64-5717-4562-b3fc-2c963f66afa1', '178', '2024-12-22 17:07:36.063998', 1),
('ceacea20-8ab4-43db-910a-11486ce52c1d', 'e10b5269-e255-4eb6-bff6-bbf19a438d69', '3fa85f64-5717-4562-b3fc-2c963f66afa1', '3fa85f64-5717-4562-b3fc-2c963f66afa6', ' 125', '2024-12-22 17:04:44.911349', 1),
('d0a9de60-ac61-4b0a-b529-d40c05ee8759', '15a6f12d-2394-4534-b54d-8287a7ef8746', '3fa85f64-5717-4562-b3fc-2c963f66afa6', '3fa85f64-5717-4562-b3fc-2c963f66afa1', ' 121', '2024-12-22 17:05:42.872453', 1),
('d1c40c8e-f972-4203-9c24-67fdf9dcf2b1', '2e73532c-735c-4e7e-8749-ad01b90876cb', '3fa85f64-5717-4562-b3fc-2c963f66afa6', '3fa85f64-5717-4562-b3fc-2c963f66afa1', '1', '2024-12-22 16:12:54.655341', 1),
('d6990fb0-e9f4-41b3-95d1-c17463e0671e', 'df31eca9-0198-4eb9-8654-db92346b59aa', '3fa85f64-5717-4562-b3fc-2c963f66afa6', '3fa85f64-5717-4562-b3fc-2c963f66afa1', ' 3', '2024-12-22 16:15:10.118321', 1),
('dcbc4f05-d5ab-4573-b613-e4ef31778b2f', '9bb63508-f3f2-40de-a620-590627ac901c', '3fa85f64-5717-4562-b3fc-2c963f66afa1', '3fa85f64-5717-4562-b3fc-2c963f66afa6', ' 123', '2024-12-22 17:07:01.803537', 1),
('dce960b7-04a2-4898-ad75-f5451ca9d179', '290ccd79-4fb8-447e-b433-2717971079bd', '3fa85f64-5717-4562-b3fc-2c963f66afa1', '3fa85f64-5717-4562-b3fc-2c963f66afa6', ' 3', '2024-12-22 15:51:14.351560', 1),
('dd646436-36a6-4e4a-8872-6b833a5aa186', 'a63024cc-155a-4a17-8e74-2371e4113145', '3fa85f64-5717-4562-b3fc-2c963f66afa6', '3fa85f64-5717-4562-b3fc-2c963f66afa1', ' 222', '2024-12-22 17:03:00.561578', 1),
('e5220f6b-4cce-4766-8671-d9c8b3dcfdaf', '1028c9ba-d73c-45a4-82df-e74253d6fedc', '3fa85f64-5717-4562-b3fc-2c963f66afa1', '3fa85f64-5717-4562-b3fc-2c963f66afa6', '1', '2024-12-22 16:30:02.778841', 1),
('f6997087-b632-4627-a612-33245f38349c', 'f1967b3d-cb35-42e4-bc66-3e2de9442a18', '3fa85f64-5717-4562-b3fc-2c963f66afa1', '3fa85f64-5717-4562-b3fc-2c963f66afa6', '111', '2024-12-22 17:02:56.693815', 1),
('f859cf2d-2a78-4311-943a-36c240350b57', 'aa3f6e74-1b60-4ca7-afcb-b4a0eaf5d819', '3fa85f64-5717-4562-b3fc-2c963f66afa1', '3fa85f64-5717-4562-b3fc-2c963f66afa6', ' xd', '2024-12-22 15:57:49.036579', 1),
('fe8af085-bd44-4da2-b610-35705afbddfc', '87e48667-aedd-40be-9be4-cfbdc0d6efd0', '3fa85f64-5717-4562-b3fc-2c963f66afa1', '3fa85f64-5717-4562-b3fc-2c963f66afa6', '212', '2024-12-22 17:08:10.733869', 1);

-- --------------------------------------------------------

--
-- Структура таблиці `schedules`
--

CREATE TABLE `schedules` (
  `Id` int(11) NOT NULL,
  `GroupId` int(11) NOT NULL,
  `DayOfWeek` longtext NOT NULL,
  `PairNumber` int(11) NOT NULL,
  `Time` longtext NOT NULL,
  `Name` longtext NOT NULL
) ENGINE=InnoDB DEFAULT CHARSET=utf8;

--
-- Дамп даних таблиці `schedules`
--

INSERT INTO `schedules` (`Id`, `GroupId`, `DayOfWeek`, `PairNumber`, `Time`, `Name`) VALUES
(4, 1, 'Середа', 1, '8:30-9:50', 'Системи нечіткої логіки<br>Лабораторна робота<br>Підгурпа 1<br><br>Системи нечіткої логіки<br>Лабораторна робота<br>Підгурпа 2'),
(5, 1, 'Середа', 2, '10:10-11:30', 'Системи нечіткої логіки<br>Лекція'),
(6, 1, 'Четвер', 3, '11:50-13:10', 'Нейронні мережі<br>Лабораторна робота<br>Підгрупа 1'),
(7, 1, 'Четвер', 4, '13:30-14:50', 'Управління ІТ-проектами<br>Лекція<br>Потік'),
(8, 1, 'Четвер', 5, '15:05-16:25', 'Нейронні мережі<br>Лабораторна робота<br>Підгрупа 2'),
(9, 1, 'Четвер', 5, '16:40-18:00', 'Теорія прийняття рішень<br>Лабораторна робота<br>Підгрупа 2'),
(10, 1, 'П\'ятниця', 6, '16:40-18:00', 'Управління ІТ-проектами (Менеджмент)<br>Лабораторна робота<br>Підгрупа 1<br><br>Цифрове опрацювання зображень<br>Лабораторна робота<br>Підгрупа 2'),
(11, 1, 'П\'ятниця', 7, '18:10-19:30', 'Розпізнавання образів<br>Лабораторна робота<br>Підгрупа 1<br><br>Управління ІТ-проектами (Менеджмент)<br>Лабораторна робота<br>Підгрупа 2'),
(12, 1, 'П\'ятниця', 8, '19:40-21:00', 'Розпізнавання образів<br>Лабораторна робота<br>Підгрупа 2'),
(13, 1, 'Субота', 3, '11:50-13:10', 'Нейронні мережі<br>Лекція'),
(14, 1, 'Субота', 7, '13:30-14:50', 'Розпізнавання образів<br>Лекція<br>Потік'),
(15, 1, 'Субота', 8, '19:40-21:00', 'Теорія прийняття рішень<br>Лекція<br>Потік'),
(18, 1, 'Понеділок', 3, '11:50-13:10', 'Основи паралельних і розподілених обчислень <br> Лекція <br> Потік'),
(19, 1, 'Понеділок', 4, '13:30-14:50', 'Інновації і підприємництво в ІТ  <br> Семінар <br> 3'),
(21, 1, 'Четвер', 1, '13:30-14:50', 'Основи паралельних і розподілених обчислень <br> Семінар <br> 2 підгрупа');

-- --------------------------------------------------------

--
-- Структура таблиці `students`
--

CREATE TABLE `students` (
  `Id` char(36) NOT NULL
) ENGINE=InnoDB DEFAULT CHARSET=utf8;

--
-- Дамп даних таблиці `students`
--

INSERT INTO `students` (`Id`) VALUES
('3fa85f64-5717-4562-b3fc-2c963f66afa6'),
('3fa85f64-5717-4562-b3fc-2c963f66afa9');

-- --------------------------------------------------------

--
-- Структура таблиці `teachers`
--

CREATE TABLE `teachers` (
  `Id` char(36) NOT NULL
) ENGINE=InnoDB DEFAULT CHARSET=utf8;

--
-- Дамп даних таблиці `teachers`
--

INSERT INTO `teachers` (`Id`) VALUES
('33785336-b79e-423d-a729-41bd37c6034f'),
('3fa85f64-5717-4562-b3fc-2c963f66afa1'),
('3fa85f64-5717-4562-b3fc-2c963f66afa2');

-- --------------------------------------------------------

--
-- Структура таблиці `teacherschedules`
--

CREATE TABLE `teacherschedules` (
  `Id` int(11) NOT NULL,
  `TeacherId` longtext NOT NULL,
  `DayOfWeek` longtext NOT NULL,
  `PairNumber` int(11) NOT NULL,
  `Time` longtext NOT NULL,
  `Name` longtext NOT NULL
) ENGINE=InnoDB DEFAULT CHARSET=utf8;

--
-- Дамп даних таблиці `teacherschedules`
--

INSERT INTO `teacherschedules` (`Id`, `TeacherId`, `DayOfWeek`, `PairNumber`, `Time`, `Name`) VALUES
(2, '3fa85f64-5717-4562-b3fc-2c963f66afa1', 'Понеділок', 1, '8:30-9:50', 'Основи паралельних і розподілених обчислень<br>Лекція<br>Потік ФЕС-31с, ФЕС-32с'),
(3, '33785336-b79e-423d-a729-41bd37c6034f', 'Середа', 2, '10:10 - 11:30', 'Комп\'ютерна лінгвістика<br>Лекція<br>Потік ФЕС-31с, ФЕС-32с<br>130/Т');

-- --------------------------------------------------------

--
-- Структура таблиці `__efmigrationshistory`
--

CREATE TABLE `__efmigrationshistory` (
  `MigrationId` varchar(150) NOT NULL,
  `ProductVersion` varchar(32) NOT NULL
) ENGINE=InnoDB DEFAULT CHARSET=utf8;

--
-- Дамп даних таблиці `__efmigrationshistory`
--

INSERT INTO `__efmigrationshistory` (`MigrationId`, `ProductVersion`) VALUES
('20241126191018_InitialCreate', '8.0.11'),
('20241126222919_TeacherSchedule', '8.0.11'),
('20241126224139_TeacherScheduleNew', '8.0.11'),
('20241127114716_UpdatedTables', '8.0.11'),
('20241128124059_Updated', '8.0.11'),
('20241128124149_Updatedd', '8.0.11'),
('20241202105007_Newkey', '8.0.11'),
('20241211112204_PrivateChatFileSystem', '8.0.11'),
('20241220154402_GroupChatMigr', '8.0.11'),
('20241220170104_SenderNameInMessageDbo', '8.0.11');

--
-- Індекси збережених таблиць
--

--
-- Індекси таблиці `academicalstudentdbo`
--
ALTER TABLE `academicalstudentdbo`
  ADD PRIMARY KEY (`Id`);

--
-- Індекси таблиці `academicalteacherdbo`
--
ALTER TABLE `academicalteacherdbo`
  ADD PRIMARY KEY (`Id`);

--
-- Індекси таблиці `additionalteacherdbo`
--
ALTER TABLE `additionalteacherdbo`
  ADD PRIMARY KEY (`Id`);

--
-- Індекси таблиці `aspnetroleclaims`
--
ALTER TABLE `aspnetroleclaims`
  ADD PRIMARY KEY (`Id`),
  ADD KEY `IX_AspNetRoleClaims_RoleId` (`RoleId`);

--
-- Індекси таблиці `aspnetroles`
--
ALTER TABLE `aspnetroles`
  ADD PRIMARY KEY (`Id`),
  ADD UNIQUE KEY `RoleNameIndex` (`NormalizedName`);

--
-- Індекси таблиці `aspnetuserclaims`
--
ALTER TABLE `aspnetuserclaims`
  ADD PRIMARY KEY (`Id`),
  ADD KEY `IX_AspNetUserClaims_UserId` (`UserId`);

--
-- Індекси таблиці `aspnetuserlogins`
--
ALTER TABLE `aspnetuserlogins`
  ADD PRIMARY KEY (`LoginProvider`,`ProviderKey`),
  ADD KEY `IX_AspNetUserLogins_UserId` (`UserId`);

--
-- Індекси таблиці `aspnetuserroles`
--
ALTER TABLE `aspnetuserroles`
  ADD PRIMARY KEY (`UserId`,`RoleId`),
  ADD KEY `IX_AspNetUserRoles_RoleId` (`RoleId`);

--
-- Індекси таблиці `aspnetusers`
--
ALTER TABLE `aspnetusers`
  ADD PRIMARY KEY (`Id`),
  ADD UNIQUE KEY `UserNameIndex` (`NormalizedUserName`),
  ADD KEY `EmailIndex` (`NormalizedEmail`),
  ADD KEY `IX_AspNetUsers_StudentId` (`StudentId`),
  ADD KEY `IX_AspNetUsers_TeacherId` (`TeacherId`);

--
-- Індекси таблиці `aspnetusertokens`
--
ALTER TABLE `aspnetusertokens`
  ADD PRIMARY KEY (`UserId`,`LoginProvider`,`Name`);

--
-- Індекси таблиці `chatgroups`
--
ALTER TABLE `chatgroups`
  ADD PRIMARY KEY (`Id`);

--
-- Індекси таблиці `corestudentdbo`
--
ALTER TABLE `corestudentdbo`
  ADD PRIMARY KEY (`Id`);

--
-- Індекси таблиці `coreteacherdbo`
--
ALTER TABLE `coreteacherdbo`
  ADD PRIMARY KEY (`Id`);

--
-- Індекси таблиці `departamentaboutdbo`
--
ALTER TABLE `departamentaboutdbo`
  ADD PRIMARY KEY (`Id`);

--
-- Індекси таблиці `departaments`
--
ALTER TABLE `departaments`
  ADD PRIMARY KEY (`Id`),
  ADD KEY `IX_departaments_DepartamentAboutId` (`DepartamentAboutId`),
  ADD KEY `IX_departaments_DepartamentsListId` (`DepartamentsListId`);

--
-- Індекси таблиці `departamentslistdbo`
--
ALTER TABLE `departamentslistdbo`
  ADD PRIMARY KEY (`Id`);

--
-- Індекси таблиці `files`
--
ALTER TABLE `files`
  ADD PRIMARY KEY (`Id`);

--
-- Індекси таблиці `groups`
--
ALTER TABLE `groups`
  ADD PRIMARY KEY (`Id`);

--
-- Індекси таблиці `groupusers`
--
ALTER TABLE `groupusers`
  ADD PRIMARY KEY (`GroupId`,`UserId`);

--
-- Індекси таблиці `messages`
--
ALTER TABLE `messages`
  ADD PRIMARY KEY (`Id`),
  ADD KEY `IX_Messages_GroupDboId` (`GroupDboId`);

--
-- Індекси таблиці `privatechats`
--
ALTER TABLE `privatechats`
  ADD PRIMARY KEY (`Id`);

--
-- Індекси таблиці `schedules`
--
ALTER TABLE `schedules`
  ADD PRIMARY KEY (`Id`),
  ADD KEY `IX_Schedules_GroupId` (`GroupId`);

--
-- Індекси таблиці `students`
--
ALTER TABLE `students`
  ADD PRIMARY KEY (`Id`);

--
-- Індекси таблиці `teachers`
--
ALTER TABLE `teachers`
  ADD PRIMARY KEY (`Id`);

--
-- Індекси таблиці `teacherschedules`
--
ALTER TABLE `teacherschedules`
  ADD PRIMARY KEY (`Id`);

--
-- Індекси таблиці `__efmigrationshistory`
--
ALTER TABLE `__efmigrationshistory`
  ADD PRIMARY KEY (`MigrationId`);

--
-- AUTO_INCREMENT для збережених таблиць
--

--
-- AUTO_INCREMENT для таблиці `aspnetroleclaims`
--
ALTER TABLE `aspnetroleclaims`
  MODIFY `Id` int(11) NOT NULL AUTO_INCREMENT;

--
-- AUTO_INCREMENT для таблиці `aspnetuserclaims`
--
ALTER TABLE `aspnetuserclaims`
  MODIFY `Id` int(11) NOT NULL AUTO_INCREMENT;

--
-- AUTO_INCREMENT для таблиці `departamentaboutdbo`
--
ALTER TABLE `departamentaboutdbo`
  MODIFY `Id` int(11) NOT NULL AUTO_INCREMENT, AUTO_INCREMENT=9;

--
-- AUTO_INCREMENT для таблиці `departaments`
--
ALTER TABLE `departaments`
  MODIFY `Id` int(11) NOT NULL AUTO_INCREMENT, AUTO_INCREMENT=9;

--
-- AUTO_INCREMENT для таблиці `departamentslistdbo`
--
ALTER TABLE `departamentslistdbo`
  MODIFY `Id` int(11) NOT NULL AUTO_INCREMENT, AUTO_INCREMENT=9;

--
-- AUTO_INCREMENT для таблиці `groups`
--
ALTER TABLE `groups`
  MODIFY `Id` int(11) NOT NULL AUTO_INCREMENT, AUTO_INCREMENT=2;

--
-- AUTO_INCREMENT для таблиці `schedules`
--
ALTER TABLE `schedules`
  MODIFY `Id` int(11) NOT NULL AUTO_INCREMENT, AUTO_INCREMENT=22;

--
-- AUTO_INCREMENT для таблиці `teacherschedules`
--
ALTER TABLE `teacherschedules`
  MODIFY `Id` int(11) NOT NULL AUTO_INCREMENT, AUTO_INCREMENT=4;

--
-- Обмеження зовнішнього ключа збережених таблиць
--

--
-- Обмеження зовнішнього ключа таблиці `academicalstudentdbo`
--
ALTER TABLE `academicalstudentdbo`
  ADD CONSTRAINT `FK_AcademicalStudentDbo_Students_Id` FOREIGN KEY (`Id`) REFERENCES `students` (`Id`) ON DELETE CASCADE;

--
-- Обмеження зовнішнього ключа таблиці `academicalteacherdbo`
--
ALTER TABLE `academicalteacherdbo`
  ADD CONSTRAINT `FK_AcademicalTeacherDbo_Teachers_Id` FOREIGN KEY (`Id`) REFERENCES `teachers` (`Id`) ON DELETE CASCADE;

--
-- Обмеження зовнішнього ключа таблиці `additionalteacherdbo`
--
ALTER TABLE `additionalteacherdbo`
  ADD CONSTRAINT `FK_AdditionalTeacherDbo_Teachers_Id` FOREIGN KEY (`Id`) REFERENCES `teachers` (`Id`) ON DELETE CASCADE;

--
-- Обмеження зовнішнього ключа таблиці `aspnetroleclaims`
--
ALTER TABLE `aspnetroleclaims`
  ADD CONSTRAINT `FK_AspNetRoleClaims_AspNetRoles_RoleId` FOREIGN KEY (`RoleId`) REFERENCES `aspnetroles` (`Id`) ON DELETE CASCADE;

--
-- Обмеження зовнішнього ключа таблиці `aspnetuserclaims`
--
ALTER TABLE `aspnetuserclaims`
  ADD CONSTRAINT `FK_AspNetUserClaims_AspNetUsers_UserId` FOREIGN KEY (`UserId`) REFERENCES `aspnetusers` (`Id`) ON DELETE CASCADE;

--
-- Обмеження зовнішнього ключа таблиці `aspnetuserlogins`
--
ALTER TABLE `aspnetuserlogins`
  ADD CONSTRAINT `FK_AspNetUserLogins_AspNetUsers_UserId` FOREIGN KEY (`UserId`) REFERENCES `aspnetusers` (`Id`) ON DELETE CASCADE;

--
-- Обмеження зовнішнього ключа таблиці `aspnetuserroles`
--
ALTER TABLE `aspnetuserroles`
  ADD CONSTRAINT `FK_AspNetUserRoles_AspNetRoles_RoleId` FOREIGN KEY (`RoleId`) REFERENCES `aspnetroles` (`Id`) ON DELETE CASCADE,
  ADD CONSTRAINT `FK_AspNetUserRoles_AspNetUsers_UserId` FOREIGN KEY (`UserId`) REFERENCES `aspnetusers` (`Id`) ON DELETE CASCADE;

--
-- Обмеження зовнішнього ключа таблиці `aspnetusers`
--
ALTER TABLE `aspnetusers`
  ADD CONSTRAINT `FK_AspNetUsers_Students_StudentId` FOREIGN KEY (`StudentId`) REFERENCES `students` (`Id`),
  ADD CONSTRAINT `FK_AspNetUsers_Teachers_TeacherId` FOREIGN KEY (`TeacherId`) REFERENCES `teachers` (`Id`);

--
-- Обмеження зовнішнього ключа таблиці `aspnetusertokens`
--
ALTER TABLE `aspnetusertokens`
  ADD CONSTRAINT `FK_AspNetUserTokens_AspNetUsers_UserId` FOREIGN KEY (`UserId`) REFERENCES `aspnetusers` (`Id`) ON DELETE CASCADE;

--
-- Обмеження зовнішнього ключа таблиці `corestudentdbo`
--
ALTER TABLE `corestudentdbo`
  ADD CONSTRAINT `FK_CoreStudentDbo_Students_Id` FOREIGN KEY (`Id`) REFERENCES `students` (`Id`) ON DELETE CASCADE;

--
-- Обмеження зовнішнього ключа таблиці `coreteacherdbo`
--
ALTER TABLE `coreteacherdbo`
  ADD CONSTRAINT `FK_CoreTeacherDbo_Teachers_Id` FOREIGN KEY (`Id`) REFERENCES `teachers` (`Id`) ON DELETE CASCADE;

--
-- Обмеження зовнішнього ключа таблиці `departaments`
--
ALTER TABLE `departaments`
  ADD CONSTRAINT `FK_departaments_DepartamentAboutDbo_DepartamentAboutId` FOREIGN KEY (`DepartamentAboutId`) REFERENCES `departamentaboutdbo` (`Id`) ON DELETE CASCADE,
  ADD CONSTRAINT `FK_departaments_DepartamentsListDbo_DepartamentsListId` FOREIGN KEY (`DepartamentsListId`) REFERENCES `departamentslistdbo` (`Id`) ON DELETE CASCADE;

--
-- Обмеження зовнішнього ключа таблиці `groupusers`
--
ALTER TABLE `groupusers`
  ADD CONSTRAINT `FK_GroupUsers_ChatGroups_GroupId` FOREIGN KEY (`GroupId`) REFERENCES `chatgroups` (`Id`) ON DELETE CASCADE;

--
-- Обмеження зовнішнього ключа таблиці `messages`
--
ALTER TABLE `messages`
  ADD CONSTRAINT `FK_Messages_ChatGroups_GroupDboId` FOREIGN KEY (`GroupDboId`) REFERENCES `chatgroups` (`Id`);

--
-- Обмеження зовнішнього ключа таблиці `schedules`
--
ALTER TABLE `schedules`
  ADD CONSTRAINT `FK_Schedules_Groups_GroupId` FOREIGN KEY (`GroupId`) REFERENCES `groups` (`Id`) ON DELETE CASCADE;
COMMIT;

/*!40101 SET CHARACTER_SET_CLIENT=@OLD_CHARACTER_SET_CLIENT */;
/*!40101 SET CHARACTER_SET_RESULTS=@OLD_CHARACTER_SET_RESULTS */;
/*!40101 SET COLLATION_CONNECTION=@OLD_COLLATION_CONNECTION */;
